event_name,event_date,event_year,instance,diff_from_global_baseline,diff_from_global_post,mean_polarity_baseline,mean_polarity_post,n_posts_baseline,n_posts_post,delta_mean_polarity,delta_n_posts
ChatGPT Release,2022-11-30,2022,https://dotnet.social,-0.04935676151214966,-0.10466581667296584,0.0375,0.0,1.0,1.0,-0.0375,0.0
ChatGPT Release,2022-11-30,2022,https://fosstodon.org,0.12481870137272882,0.026424073934081915,0.21167546288487848,0.13108989060704776,44.0,264.0,-0.08058557227783072,220.0
ChatGPT Release,2022-11-30,2022,https://hachyderm.io,-0.05211683397174135,0.009832228069987084,0.03473992754040831,0.11449804474295293,24.0,238.0,0.07975811720254461,214.0
ChatGPT Release,2022-11-30,2022,https://infosec.exchange,0.09113948067159253,0.001524848962303177,0.1779962421837422,0.10619066563526902,20.0,319.0,-0.07180557654847317,299.0
ChatGPT Release,2022-11-30,2022,https://mas.to,0.05066389491475676,-0.00391986347741588,0.13752065642690642,0.10074595319554996,52.0,124.0,-0.036774703231356454,72.0
ChatGPT Release,2022-11-30,2022,https://mastodon.art,0.043029602124214,0.027929463863491155,0.12988636363636366,0.132595280536457,10.0,17.0,0.002708916900093339,7.0
ChatGPT Release,2022-11-30,2022,https://mastodon.cloud,0.05064323848785035,0.011521928121921807,0.1375,0.11618774479488765,7.0,35.0,-0.02131225520511236,28.0
ChatGPT Release,2022-11-30,2022,https://mastodon.gamedev.place,0.005801968646580502,0.0013874509144814334,0.09265873015873016,0.10605326758744728,9.0,64.0,0.013394537428717115,55.0
ChatGPT Release,2022-11-30,2022,https://mastodon.nz,0.06907758192219376,0.0048961401973243585,0.15593434343434343,0.1095619568702902,2.0,30.0,-0.04637238656405322,28.0
ChatGPT Release,2022-11-30,2022,https://mastodon.online,-0.06909205068635929,-0.02280926655347923,0.01776471082579037,0.08185655011948662,88.0,225.0,0.06409183929369625,137.0
ChatGPT Release,2022-11-30,2022,https://mastodon.scot,0.040921016265628135,0.051842307725783576,0.1277777777777778,0.15650812439874942,7.0,24.0,0.028730346620971625,17.0
ChatGPT Release,2022-11-30,2022,https://mastodon.social,-0.00371815691022985,-0.00903910752078807,0.08313860460191981,0.09562670915217777,230.0,1227.0,0.012488104550257964,997.0
ChatGPT Release,2022-11-30,2022,https://mastodon.world,-0.006399811055199198,-0.0034840236843946965,0.08045695045695046,0.10118179298857115,42.0,71.0,0.020724842531620685,29.0
ChatGPT Release,2022-11-30,2022,https://mstdn.jp,-0.050398428178816325,-0.05814567015281933,0.036458333333333336,0.046520146520146514,2.0,13.0,0.010061813186813179,11.0
ChatGPT Release,2022-11-30,2022,https://mstdn.social,0.06310972361562578,-0.002755604456280411,0.14996648512777544,0.10191021221668543,31.0,160.0,-0.048056272911090006,129.0
ChatGPT Release,2022-11-30,2022,https://pawoo.net,-0.035545572700960856,-0.06049915000629918,0.051311188811188804,0.04416666666666667,26.0,30.0,-0.007144522144522138,4.0
ChatGPT Release,2022-11-30,2022,https://phpc.social,,0.08352524573684655,,0.1881910624098124,,16.0,,
ChatGPT Release,2022-11-30,2022,https://ruby.social,,-0.00829676905391824,,0.0963690476190476,,10.0,,
ChatGPT Release,2022-11-30,2022,https://sigmoid.social,-0.017230949129753592,0.017298784091186376,0.06962581238239607,0.12196460076415222,99.0,211.0,0.05233878838175615,112.0
ChatGPT Release,2022-11-30,2022,https://social.vivaldi.net,-0.07094767060305876,0.019483722059906228,0.015909090909090907,0.12414953873287207,4.0,39.0,0.10824044782378117,35.0
ChatGPT Release,2022-11-30,2022,https://techhub.social,0.028314481530521962,0.021696015938866775,0.11517124304267162,0.12636183261183262,25.0,75.0,0.011190589569160997,50.0
ChatGPT Release,2022-11-30,2022,https://universeodon.com,-0.0453144496573378,0.009423726043962743,0.04154231185481186,0.11408954271692859,52.0,66.0,0.07254723086211673,14.0
Claude 3.7 Sonnet,2025-02-25,2025,https://dotnet.social,0.16057799862190444,,0.25,,1.0,,,
Claude 3.7 Sonnet,2025-02-25,2025,https://fosstodon.org,-0.09519881715491132,0.08886739427329882,-0.005776815776815776,0.17016852195423623,12.0,8.0,0.175945337731052,-4.0
Claude 3.7 Sonnet,2025-02-25,2025,https://hachyderm.io,-0.056881755165974345,0.11433379295398322,0.03254024621212121,0.19563492063492063,6.0,7.0,0.16309467442279943,1.0
Claude 3.7 Sonnet,2025-02-25,2025,https://infosec.exchange,-0.06489138913319759,0.14171970565239592,0.024530612244897967,0.22302083333333333,7.0,4.0,0.19849022108843536,-3.0
Claude 3.7 Sonnet,2025-02-25,2025,https://mas.to,0.15194163498554084,-0.1563011276809374,0.2413636363636364,-0.075,4.0,4.0,-0.3163636363636364,0.0
Claude 3.7 Sonnet,2025-02-25,2025,https://mastodon.gamedev.place,-0.04396745592355011,0.11869887231906256,0.04545454545454545,0.19999999999999998,3.0,3.0,0.15454545454545454,0.0
Claude 3.7 Sonnet,2025-02-25,2025,https://mastodon.online,0.11049863354253936,0.41869887231906255,0.19992063492063492,0.5,5.0,1.0,0.30007936507936506,-4.0
Claude 3.7 Sonnet,2025-02-25,2025,https://mastodon.social,-0.002431453896476643,-0.01756662638883809,0.08699054748161891,0.06373450129209933,150.0,170.0,-0.023256046189519583,20.0
Claude 3.7 Sonnet,2025-02-25,2025,https://mastodon.world,-0.09874018319627738,0.019456448076638336,-0.009318181818181823,0.10075757575757575,2.0,2.0,0.11007575757575758,0.0
Claude 3.7 Sonnet,2025-02-25,2025,https://mstdn.social,0.19930094234484816,0.045621491366681644,0.2887229437229437,0.12692261904761906,5.0,10.0,-0.16180032467532465,5.0
Claude 3.7 Sonnet,2025-02-25,2025,https://phpc.social,0.41057799862190447,-0.08130112768093742,0.5,0.0,1.0,1.0,-0.5,0.0
Claude 3.7 Sonnet,2025-02-25,2025,https://ruby.social,-0.08942200137809556,0.022224513344703614,0.0,0.10352564102564103,1.0,1.0,0.10352564102564103,0.0
Claude 3.7 Sonnet,2025-02-25,2025,https://social.vivaldi.net,-0.03942200137809555,0.02703220565239592,0.05,0.10833333333333334,2.0,2.0,0.058333333333333334,0.0
Claude 3.7 Sonnet,2025-02-25,2025,https://techhub.social,-0.014358870064964238,0.024405943026133275,0.07506313131313132,0.1057070707070707,12.0,11.0,0.030643939393939376,-1.0
Claude 3.7 Sonnet,2025-02-25,2025,https://universeodon.com,0.24466890771281355,,0.3340909090909091,,1.0,,,
DeepSeek R1,2025-01-20,2025,https://dotnet.social,-0.01998490325709025,0.528441920290625,0.08999999999999998,0.625,1.0,1.0,0.535,0.0
DeepSeek R1,2025-01-20,2025,https://fosstodon.org,-0.004517549096554246,0.028615285435581048,0.10546735416053599,0.12517336514495606,111.0,132.0,0.01970601098442007,21.0
DeepSeek R1,2025-01-20,2025,https://hachyderm.io,-0.023208822188836298,0.03139143351532957,0.08677608106825394,0.12794951322470458,93.0,23.0,0.04117343215645064,-70.0
DeepSeek R1,2025-01-20,2025,https://infosec.exchange,0.08484507947061976,0.06755116319413561,0.19482998272771,0.16410924290351062,18.0,28.0,-0.030720739824199372,10.0
DeepSeek R1,2025-01-20,2025,https://mas.to,0.026459450999764017,-0.00905146595276124,0.13644435425685425,0.08750661375661377,24.0,12.0,-0.04893774050024048,-12.0
DeepSeek R1,2025-01-20,2025,https://mastodon.art,-0.02836874164092862,-0.09655807970937501,0.08161616161616161,0.0,11.0,3.0,-0.08161616161616161,-8.0
DeepSeek R1,2025-01-20,2025,https://mastodon.cloud,0.20893870785402088,0.034691920290625,0.3189236111111111,0.13125,8.0,4.0,-0.1876736111111111,-4.0
DeepSeek R1,2025-01-20,2025,https://mastodon.gamedev.place,-0.05811895207863905,-0.07395149437551694,0.051865951178451185,0.02260658533385806,12.0,11.0,-0.029259365844593124,-1.0
DeepSeek R1,2025-01-20,2025,https://mastodon.online,-0.024781620428807424,0.021697241358446057,0.08520328282828281,0.11825532106782106,30.0,20.0,0.033052038239538256,-10.0
DeepSeek R1,2025-01-20,2025,https://mastodon.scot,,0.13677525362395831,,0.2333333333333333,,1.0,,
DeepSeek R1,2025-01-20,2025,https://mastodon.social,-0.0005811434366637391,-0.020171678414159483,0.1094037598204265,0.07638640129521553,276.0,326.0,-0.03301735852521097,50.0
DeepSeek R1,2025-01-20,2025,https://mastodon.world,0.023416213170341982,0.012367786091490793,0.13340111642743221,0.1089258658008658,19.0,18.0,-0.024475250626566414,-1.0
DeepSeek R1,2025-01-20,2025,https://mstdn.social,-0.014966114175801154,-0.04880357167260891,0.09501878908128908,0.0477545080367661,30.0,31.0,-0.04726428104452298,1.0
DeepSeek R1,2025-01-20,2025,https://phpc.social,0.0065735383013513365,-0.029433079709375004,0.11655844155844157,0.067125,5.0,5.0,-0.049433441558441565,0.0
DeepSeek R1,2025-01-20,2025,https://ruby.social,,0.03538636473506944,,0.13194444444444445,,4.0,,
DeepSeek R1,2025-01-20,2025,https://sigmoid.social,,-0.046558079709375,,0.05000000000000001,,1.0,,
DeepSeek R1,2025-01-20,2025,https://techhub.social,0.06642189701334641,0.15359817029062495,0.17640680027043665,0.25015624999999997,11.0,8.0,0.07374944972956332,-3.0
DeepSeek R1,2025-01-20,2025,https://universeodon.com,,0.09094192029062499,,0.1875,,3.0,,
GPT-4 Launch,2023-03-14,2023,https://dotnet.social,0.1288249095275874,-0.04045866557843956,0.175,0.022083333333333337,2.0,4.0,-0.15291666666666665,2.0
GPT-4 Launch,2023-03-14,2023,https://fosstodon.org,0.08018353883789739,0.05204208838457855,0.12635862931030997,0.11458408729635144,51.0,53.0,-0.011774542013958528,2.0
GPT-4 Launch,2023-03-14,2023,https://hachyderm.io,0.03950905552423342,0.058604714120186044,0.085684145996646,0.12114671303195894,37.0,61.0,0.035462567035312934,24.0
GPT-4 Launch,2023-03-14,2023,https://infosec.exchange,-0.005231173731927219,0.014901078563744036,0.040943916740485364,0.07744307747551693,51.0,51.0,0.036499160735031566,0.0
GPT-4 Launch,2023-03-14,2023,https://mas.to,0.017985748688426575,0.024469437244189512,0.06416083916083916,0.08701143615596241,26.0,71.0,0.02285059699512325,45.0
GPT-4 Launch,2023-03-14,2023,https://mastodon.art,0.21995646315914108,0.0034419142943625386,0.26613155363155366,0.06598391320613543,6.0,9.0,-0.20014764042541822,3.0
GPT-4 Launch,2023-03-14,2023,https://mastodon.cloud,0.03654795276787204,-0.023658070340344325,0.08272304324028462,0.03888392857142857,29.0,24.0,-0.04383911466885605,-5.0
GPT-4 Launch,2023-03-14,2023,https://mastodon.gamedev.place,0.01655813463581253,0.04274680179369447,0.06273322510822511,0.10528880070546737,35.0,18.0,0.042555575597242254,-17.0
GPT-4 Launch,2023-03-14,2023,https://mastodon.nz,0.053130465083142966,0.14698181061203663,0.09930555555555555,0.20952380952380953,3.0,3.0,0.11021825396825398,0.0
GPT-4 Launch,2023-03-14,2023,https://mastodon.online,0.023039156694796253,0.020217689065306396,0.06921424716720884,0.08275968797707929,41.0,46.0,0.013545440809870454,5.0
GPT-4 Launch,2023-03-14,2023,https://mastodon.scot,0.02525348095615884,0.09770562013584613,0.07142857142857142,0.16024761904761903,1.0,5.0,0.0888190476190476,4.0
GPT-4 Launch,2023-03-14,2023,https://mastodon.social,0.020405339950811202,0.02322460356943999,0.06658043042322379,0.08576660248121289,350.0,440.0,0.0191861720579891,90.0
GPT-4 Launch,2023-03-14,2023,https://mastodon.world,-0.030325634239285828,-0.024441693985008214,0.015849456233126755,0.03810030492676468,346.0,252.0,0.022250848693637925,-94.0
GPT-4 Launch,2023-03-14,2023,https://mstdn.jp,-0.016554646615857618,-0.0625419989117729,0.029620443856554966,0.0,24.0,9.0,-0.029620443856554966,-15.0
GPT-4 Launch,2023-03-14,2023,https://mstdn.social,-0.03169314963547175,-0.04866580147728894,0.014481940836940837,0.013876197434483952,375.0,356.0,-0.0006057434024568844,-19.0
GPT-4 Launch,2023-03-14,2023,https://phpc.social,-0.008675090472412592,0.1124580010882271,0.03749999999999999,0.175,2.0,2.0,0.1375,0.0
GPT-4 Launch,2023-03-14,2023,https://ruby.social,0.06382490952758743,-0.0425419989117729,0.11000000000000001,0.019999999999999997,2.0,10.0,-0.09000000000000002,8.0
GPT-4 Launch,2023-03-14,2023,https://sigmoid.social,0.05182806869165568,0.02181268711135663,0.09800315916406827,0.08435468602312952,75.0,67.0,-0.013648473140938741,-8.0
GPT-4 Launch,2023-03-14,2023,https://social.vivaldi.net,-0.04214283240789646,-0.015474899344673325,0.004032258064516129,0.04706709956709957,31.0,14.0,0.04303484150258344,-17.0
GPT-4 Launch,2023-03-14,2023,https://techhub.social,0.03406174732377992,0.01603366077442399,0.0802368377961925,0.07857565968619688,80.0,77.0,-0.001661178109995623,-3.0
GPT-4 Launch,2023-03-14,2023,https://universeodon.com,0.006612607940285828,0.032867227278703295,0.05278769841269841,0.09540922619047619,18.0,24.0,0.04262152777777778,6.0
GPT-5 Announce,2025-08-07,2025,https://dotnet.social,,0.18971453426181606,,0.24,,1.0,,
GPT-5 Announce,2025-08-07,2025,https://fosstodon.org,0.07726299152600605,-0.07602620647892468,0.1324404761904762,-0.025740740740740738,4.0,4.0,-0.15818121693121692,0.0
GPT-5 Announce,2025-08-07,2025,https://hachyderm.io,0.034495778580221674,-0.059639530889350534,0.08967326324469181,-0.009354065151166593,7.0,3.0,-0.0990273283958584,-4.0
GPT-5 Announce,2025-08-07,2025,https://infosec.exchange,0.014460734259463072,0.009173304658086454,0.06963821892393321,0.05945877039627039,2.0,4.0,-0.010179448527662817,2.0
GPT-5 Announce,2025-08-07,2025,https://mas.to,-0.06881384830083377,-0.03382713240485061,-0.013636363636363634,0.016458333333333335,4.0,8.0,0.03009469696969697,4.0
GPT-5 Announce,2025-08-07,2025,https://mastodon.art,,-0.05028546573818394,,0.0,,1.0,,
GPT-5 Announce,2025-08-07,2025,https://mastodon.cloud,0.15694372745674198,0.299714534261816,0.21212121212121213,0.3499999999999999,1.0,1.0,0.1378787878787878,0.0
GPT-5 Announce,2025-08-07,2025,https://mastodon.online,0.012878070891085426,0.02404304665851028,0.06805555555555556,0.07432851239669422,4.0,11.0,0.006272956841138655,7.0
GPT-5 Announce,2025-08-07,2025,https://mastodon.social,-0.01503089642760412,-6.425438078733886e-05,0.04014658823686602,0.0502212113573966,108.0,182.0,0.010074623120530583,74.0
GPT-5 Announce,2025-08-07,2025,https://mastodon.world,0.01982251533552986,-0.06566846237118057,0.075,-0.015382996632996637,6.0,12.0,-0.09038299663299663,6.0
GPT-5 Announce,2025-08-07,2025,https://mstdn.jp,-0.05517748466447014,-0.05028546573818394,0.0,0.0,4.0,19.0,0.0,15.0
GPT-5 Announce,2025-08-07,2025,https://mstdn.social,0.044138592776607304,0.03051500740922799,0.09931607744107744,0.08080047314741193,18.0,21.0,-0.018515604293665514,3.0
GPT-5 Announce,2025-08-07,2025,https://social.vivaldi.net,-0.010227989714975197,-0.03153546573818393,0.04494949494949494,0.018750000000000006,3.0,3.0,-0.026199494949494934,0.0
GPT-5 Announce,2025-08-07,2025,https://techhub.social,0.016922262810277346,0.07101143180871361,0.07209974747474748,0.12129689754689756,15.0,16.0,0.04919715007215007,1.0
GPT-5 Announce,2025-08-07,2025,https://universeodon.com,0.19482251533552986,0.08607817062545242,0.25,0.13636363636363635,1.0,1.0,-0.11363636363636365,0.0
Gemini 2.5 Launch,2025-03-25,2025,https://dotnet.social,0.19765191342507718,0.03752751187330719,0.25,0.09571428571428571,2.0,5.0,-0.1542857142857143,3.0
Gemini 2.5 Launch,2025-03-25,2025,https://fosstodon.org,0.06351007079058749,0.05467628878269486,0.1158581573655103,0.11286306262367338,68.0,69.0,-0.002995094741836929,1.0
Gemini 2.5 Launch,2025-03-25,2025,https://hachyderm.io,-0.00021101906070012527,-0.003928267618624255,0.05213706751422269,0.054258506222354265,58.0,51.0,0.0021214387081315775,-7.0
Gemini 2.5 Launch,2025-03-25,2025,https://infosec.exchange,0.005448980576514793,-0.028184717188140616,0.057797067151437606,0.030002056652837904,66.0,60.0,-0.0277950104985997,-6.0
Gemini 2.5 Launch,2025-03-25,2025,https://mas.to,0.004459122172967386,-0.024042440469671467,0.0568072087478902,0.034144333371307053,87.0,76.0,-0.022662875376583146,-11.0
Gemini 2.5 Launch,2025-03-25,2025,https://mastodon.art,-0.03463975324158947,-0.05818677384097852,0.01770833333333334,0.0,8.0,4.0,-0.01770833333333334,-4.0
Gemini 2.5 Launch,2025-03-25,2025,https://mastodon.cloud,-0.04359808657492281,-0.059377250031454706,0.008749999999999999,-0.0011904761904761882,5.0,7.0,-0.009940476190476187,2.0
Gemini 2.5 Launch,2025-03-25,2025,https://mastodon.de,-0.05234808657492281,0.009065973411768721,0.0,0.06725274725274724,1.0,5.0,0.06725274725274724,4.0
Gemini 2.5 Launch,2025-03-25,2025,https://mastodon.gamedev.place,0.1587630245361883,0.02514655949235481,0.2111111111111111,0.08333333333333333,3.0,3.0,-0.12777777777777777,0.0
Gemini 2.5 Launch,2025-03-25,2025,https://mastodon.nz,-0.06306237228920854,0.030702115047910386,-0.010714285714285725,0.0888888888888889,1.0,1.0,0.09960317460317464,0.0
Gemini 2.5 Launch,2025-03-25,2025,https://mastodon.online,-0.016766168493004732,0.014228149198944523,0.03558191808191808,0.07241492303992304,39.0,44.0,0.03683300495800496,5.0
Gemini 2.5 Launch,2025-03-25,2025,https://mastodon.scot,-0.02349527272210896,0.04806322615902148,0.028852813852813852,0.10625,7.0,2.0,0.07739718614718614,-5.0
Gemini 2.5 Launch,2025-03-25,2025,https://mastodon.social,-0.0014433327179707856,0.0038063145868833456,0.05090475385695203,0.061993088427861866,1266.0,1060.0,0.011088334570909839,-206.0
Gemini 2.5 Launch,2025-03-25,2025,https://mastodon.world,-0.026544909717058456,-0.027313374190983127,0.025803176857864357,0.030873399649995394,56.0,47.0,0.005070222792131037,-9.0
Gemini 2.5 Launch,2025-03-25,2025,https://mstdn.jp,-0.019277516004352242,-0.03332566272986741,0.03307057057057057,0.02486111111111111,37.0,20.0,-0.008209459459459459,-17.0
Gemini 2.5 Launch,2025-03-25,2025,https://mstdn.social,-0.028398574688791207,-0.028889720463921815,0.023949511886131605,0.029297053377056705,213.0,169.0,0.0053475414909251,-44.0
Gemini 2.5 Launch,2025-03-25,2025,https://pawoo.net,-0.024992173854103256,-0.048419003545430446,0.027355912720819556,0.009767770295548074,23.0,27.0,-0.017588142425271482,4.0
Gemini 2.5 Launch,2025-03-25,2025,https://phpc.social,-0.05234808657492281,0.07897772832352366,0.0,0.13716450216450218,1.0,6.0,0.13716450216450218,5.0
Gemini 2.5 Launch,2025-03-25,2025,https://ruby.social,0.19244358009174384,-0.07902010717431188,0.24479166666666666,-0.02083333333333335,20.0,2.0,-0.265625,-18.0
Gemini 2.5 Launch,2025-03-25,2025,https://sigmoid.social,0.04398578788395164,0.10260982854653296,0.09633387445887445,0.16079660238751148,13.0,9.0,0.06446272792863703,-4.0
Gemini 2.5 Launch,2025-03-25,2025,https://social.vivaldi.net,-0.000920717647553887,0.006138622984418293,0.051427368927368926,0.06432539682539681,21.0,10.0,0.012898027898027888,-11.0
Gemini 2.5 Launch,2025-03-25,2025,https://techhub.social,0.014540323023570813,0.02716723499740531,0.06688840959849363,0.08535400883838383,119.0,80.0,0.018465599239890204,-39.0
Gemini 2.5 Launch,2025-03-25,2025,https://universeodon.com,0.01494159596475974,0.014931311777107104,0.06728968253968255,0.07311808561808562,5.0,11.0,0.005828403078403072,6.0
Llama 3.1,2024-07-23,2024,https://dotnet.social,,0.3894583029912257,,0.5,,1.0,,
Llama 3.1,2024-07-23,2024,https://fosstodon.org,0.026321332078388007,0.0043869927871721115,0.12960690194272284,0.11492868979594643,134.0,113.0,-0.014678212146776407,-21.0
Llama 3.1,2024-07-23,2024,https://hachyderm.io,-0.02857324094746047,-0.04150354765812497,0.07471232891687436,0.06903814935064935,33.0,16.0,-0.005674179566225013,-17.0
Llama 3.1,2024-07-23,2024,https://infosec.exchange,-0.028000053153036872,-0.010830606061181414,0.07528551671129796,0.09971109094759291,16.0,21.0,0.024425574236294947,5.0
Llama 3.1,2024-07-23,2024,https://mas.to,0.05409177501301003,0.1266646498850726,0.15737734487734487,0.2372063468938469,21.0,21.0,0.07982900201650203,0.0
Llama 3.1,2024-07-23,2024,https://mastodon.art,-0.18721414129290626,-0.11054169700877432,-0.08392857142857144,0.0,1.0,2.0,0.08392857142857144,1.0
Llama 3.1,2024-07-23,2024,https://mastodon.cloud,-0.008102020080785033,-0.021388804446790824,0.0951835497835498,0.0891528925619835,5.0,2.0,-0.006030657221566302,-3.0
Llama 3.1,2024-07-23,2024,https://mastodon.de,-0.10328556986433483,,0.0,,2.0,,,
Llama 3.1,2024-07-23,2024,https://mastodon.gamedev.place,0.040222555608076346,0.04820807752225019,0.14350812547241118,0.1587497745310245,7.0,10.0,0.015241649058613332,3.0
Llama 3.1,2024-07-23,2024,https://mastodon.online,-0.004756619647884611,0.14972779775085204,0.09852895021645022,0.26026949475962635,20.0,19.0,0.16174054454317613,-1.0
Llama 3.1,2024-07-23,2024,https://mastodon.scot,-0.14091183249059747,-0.07415280811988544,-0.03762626262626264,0.03638888888888889,3.0,3.0,0.07401515151515153,0.0
Llama 3.1,2024-07-23,2024,https://mastodon.social,-0.008085469120890157,-0.016626303800424763,0.09520010074344468,0.09391539320834956,236.0,225.0,-0.001284707535095117,-11.0
Llama 3.1,2024-07-23,2024,https://mastodon.world,,-0.11054169700877432,,0.0,,4.0,,
Llama 3.1,2024-07-23,2024,https://mstdn.jp,-0.10328556986433483,,0.0,,4.0,,,
Llama 3.1,2024-07-23,2024,https://mstdn.social,-0.03731224534934366,-0.021092678765113212,0.06597332451499117,0.08944901824366111,27.0,16.0,0.023475693728669936,-11.0
Llama 3.1,2024-07-23,2024,https://phpc.social,0.09046443013566517,-0.0883194747865521,0.19375,0.022222222222222227,2.0,3.0,-0.17152777777777778,1.0
Llama 3.1,2024-07-23,2024,https://ruby.social,,-0.021005712160289472,,0.08953598484848485,,4.0,,
Llama 3.1,2024-07-23,2024,https://social.vivaldi.net,0.07023610521984024,-0.05358485177067908,0.17352167508417507,0.056956845238095244,12.0,6.0,-0.11656482984607983,-6.0
Llama 3.1,2024-07-23,2024,https://techhub.social,-0.049413515992280964,-0.006616861923224943,0.05387205387205387,0.10392483508554938,6.0,14.0,0.05005278121349551,8.0
Llama 3.1,2024-07-23,2024,https://universeodon.com,,-0.21054169700877434,,-0.1,,1.0,,
Llama 4 Release,2025-04-05,2025,https://dotnet.social,-0.25830479981113597,0.07186313995754672,-0.16664285714285715,0.1875,5.0,4.0,0.35414285714285715,-1.0
Llama 4 Release,2025-04-05,2025,https://fosstodon.org,0.034421455766909345,0.03461737024909044,0.12608339843518815,0.15025423029154372,149.0,134.0,0.024170831856355574,-15.0
Llama 4 Release,2025-04-05,2025,https://hachyderm.io,0.03388535094719662,-0.01287358273816036,0.12554729361547542,0.10276327730429292,26.0,32.0,-0.0227840163111825,6.0
Llama 4 Release,2025-04-05,2025,https://infosec.exchange,0.08732907305477851,0.08494731185327166,0.1789910157230573,0.20058417189572494,23.0,22.0,0.021593156172667632,-1.0
Llama 4 Release,2025-04-05,2025,https://mas.to,0.040446065064728934,0.029953417735324492,0.13210800773300774,0.14559027777777778,26.0,20.0,0.01348227004477004,-6.0
Llama 4 Release,2025-04-05,2025,https://mastodon.art,0.09716907585023972,0.24203509762950437,0.18883101851851852,0.35767195767195764,8.0,6.0,0.16884093915343912,-2.0
Llama 4 Release,2025-04-05,2025,https://mastodon.cloud,-0.03610638711272325,0.12325202884643556,0.05555555555555555,0.23888888888888885,3.0,1.0,0.1833333333333333,-2.0
Llama 4 Release,2025-04-05,2025,https://mastodon.de,,-0.06008130448689773,,0.05555555555555555,,3.0,,
Llama 4 Release,2025-04-05,2025,https://mastodon.gamedev.place,0.048963057331721196,-0.012693523616974012,0.140625,0.10294333642547927,6.0,7.0,-0.03768166357452073,1.0
Llama 4 Release,2025-04-05,2025,https://mastodon.online,0.03312593429762846,0.037447237232820466,0.12478787696590726,0.15308409727527375,33.0,17.0,0.028296220309366488,-16.0
Llama 4 Release,2025-04-05,2025,https://mastodon.scot,,0.1319396705697916,,0.24757653061224488,,2.0,,
Llama 4 Release,2025-04-05,2025,https://mastodon.social,-0.018737074774133014,-0.02742433490495061,0.07292486789414579,0.08821252513750268,411.0,371.0,0.015287657243356886,-40.0
Llama 4 Release,2025-04-05,2025,https://mastodon.world,-0.06414527015160629,-0.011946560080601604,0.02751667251667252,0.10369029996185168,37.0,29.0,0.07617362744517917,-8.0
Llama 4 Release,2025-04-05,2025,https://mstdn.jp,-0.0916619426682788,,0.0,,1.0,,,
Llama 4 Release,2025-04-05,2025,https://mstdn.social,0.005510166015457799,0.02667312758896291,0.0971721086837366,0.1423099876314162,43.0,35.0,0.045137878947679594,-8.0
Llama 4 Release,2025-04-05,2025,https://phpc.social,,-0.11563686004245328,,0.0,,2.0,,
Llama 4 Release,2025-04-05,2025,https://ruby.social,0.10197442096808483,0.13436313995754673,0.19363636363636363,0.25,5.0,3.0,0.056363636363636366,-2.0
Llama 4 Release,2025-04-05,2025,https://social.vivaldi.net,-0.18938921539555154,0.015171220765627533,-0.09772727272727275,0.13080808080808082,1.0,4.0,0.22853535353535356,3.0
Llama 4 Release,2025-04-05,2025,https://techhub.social,-0.006497801254137389,0.013445736105360248,0.08516414141414141,0.12908259614781353,12.0,23.0,0.04391845473367212,11.0
Llama 4 Release,2025-04-05,2025,https://universeodon.com,-0.036974442668278804,-0.14341463782023106,0.0546875,-0.027777777777777776,4.0,1.0,-0.08246527777777778,-3.0
OpenAI Board Crisis,2023-11-17,2023,https://dotnet.social,,-0.04363238446344584,,0.0,,2.0,,
OpenAI Board Crisis,2023-11-17,2023,https://fosstodon.org,-0.19562710411839068,0.027630942079292474,-0.09375,0.07126332654273831,1.0,34.0,0.16501332654273831,33.0
OpenAI Board Crisis,2023-11-17,2023,https://hachyderm.io,-0.0026126741039606827,0.015967336146913064,0.09926443001443001,0.059599720610358904,5.0,47.0,-0.03966470940407111,42.0
OpenAI Board Crisis,2023-11-17,2023,https://infosec.exchange,-0.007062289303575886,-0.04657392129323152,0.09481481481481481,-0.002941536829785681,3.0,31.0,-0.09775635164460049,28.0
OpenAI Board Crisis,2023-11-17,2023,https://mas.to,0.03812289588160929,-0.0018459440006164812,0.13999999999999999,0.04178644046282936,1.0,30.0,-0.09821355953717062,29.0
OpenAI Board Crisis,2023-11-17,2023,https://mastodon.art,,0.048034282203220834,,0.09166666666666667,,2.0,,
OpenAI Board Crisis,2023-11-17,2023,https://mastodon.cloud,-0.1018771041183907,-0.04096283179389317,0.0,0.0026695526695526706,1.0,12.0,0.0026695526695526706,11.0
OpenAI Board Crisis,2023-11-17,2023,https://mastodon.gamedev.place,,0.09016391183285044,,0.13379629629629627,,3.0,,
OpenAI Board Crisis,2023-11-17,2023,https://mastodon.nz,,-0.04363238446344584,,0.0,,1.0,,
OpenAI Board Crisis,2023-11-17,2023,https://mastodon.online,0.0009006736593870773,0.003729435264445316,0.10277777777777777,0.047361819727891157,2.0,35.0,-0.05541595804988662,33.0
OpenAI Board Crisis,2023-11-17,2023,https://mastodon.scot,,-0.04363238446344584,,0.0,,1.0,,
OpenAI Board Crisis,2023-11-17,2023,https://mastodon.social,-0.02696429816422176,-0.0021744530385651648,0.07491280595416894,0.041457931424880676,49.0,495.0,-0.03345487452928826,446.0
OpenAI Board Crisis,2023-11-17,2023,https://mastodon.world,0.0014562292149426503,-0.022367399448460827,0.10333333333333335,0.021264985014985013,2.0,26.0,-0.08206834831834833,24.0
OpenAI Board Crisis,2023-11-17,2023,https://mstdn.jp,,-0.021410162241223617,,0.022222222222222223,,3.0,,
OpenAI Board Crisis,2023-11-17,2023,https://mstdn.social,-0.0293771041183907,-0.0220814779327006,0.0725,0.02155090653074524,5.0,62.0,-0.050949093469254754,57.0
OpenAI Board Crisis,2023-11-17,2023,https://pawoo.net,,0.023034282203220825,,0.06666666666666667,,1.0,,
OpenAI Board Crisis,2023-11-17,2023,https://phpc.social,0.08978956254827596,0.09386761553655415,0.19166666666666665,0.13749999999999998,2.0,2.0,-0.05416666666666667,0.0
OpenAI Board Crisis,2023-11-17,2023,https://ruby.social,,0.056623637858903016,,0.10025602232234886,,7.0,,
OpenAI Board Crisis,2023-11-17,2023,https://sigmoid.social,,-0.01550738446344584,,0.028125,,4.0,,
OpenAI Board Crisis,2023-11-17,2023,https://social.vivaldi.net,,0.0925039791729178,,0.13613636363636364,,5.0,,
OpenAI Board Crisis,2023-11-17,2023,https://techhub.social,0.10275252551123894,0.05946281484143088,0.20462962962962963,0.10309519930487672,9.0,31.0,-0.10153443032475291,22.0
OpenAI Board Crisis,2023-11-17,2023,https://universeodon.com,0.21756734032605374,0.031208885377824007,0.3194444444444444,0.07484126984126985,3.0,7.0,-0.24460317460317457,4.0
OpenAI o1,2024-09-12,2024,https://fosstodon.org,0.040082337640883016,0.04821609449557031,0.09285669867532613,0.11100762580673296,51.0,52.0,0.018150927131406827,1.0
OpenAI o1,2024-09-12,2024,https://hachyderm.io,0.023025903515821435,0.01724888609036586,0.07580026455026455,0.08004041740152851,33.0,36.0,0.004240152851263959,3.0
OpenAI o1,2024-09-12,2024,https://infosec.exchange,0.06483508733979237,0.006038336253598495,0.1176094483742355,0.06882986756476114,62.0,54.0,-0.04877958080947435,-8.0
OpenAI o1,2024-09-12,2024,https://mas.to,0.03526359834660137,0.008330701353833167,0.08803795938104449,0.07112223266499582,47.0,38.0,-0.01691572671604867,-9.0
OpenAI o1,2024-09-12,2024,https://mastodon.art,0.026781194521112432,-0.011965412985044319,0.07955555555555555,0.05082611832611833,3.0,9.0,-0.028729437229437216,6.0
OpenAI o1,2024-09-12,2024,https://mastodon.cloud,-0.00048441613086185054,0.011256087736456394,0.05228994490358126,0.07404761904761904,5.0,7.0,0.02175767414403778,2.0
OpenAI o1,2024-09-12,2024,https://mastodon.gamedev.place,0.018491872731790655,-0.035708197977829315,0.07126623376623377,0.027083333333333334,2.0,2.0,-0.044182900432900435,0.0
OpenAI o1,2024-09-12,2024,https://mastodon.nz,-0.01777436103444311,,0.035,,2.0,,,
OpenAI o1,2024-09-12,2024,https://mastodon.online,-0.03730915956924165,0.06042888715925582,0.015465201465201462,0.12322041847041847,13.0,30.0,0.10775521700521701,17.0
OpenAI o1,2024-09-12,2024,https://mastodon.scot,0.2121916253601147,-0.06279153131116265,0.2649659863945578,0.0,3.0,1.0,-0.2649659863945578,-2.0
OpenAI o1,2024-09-12,2024,https://mastodon.social,0.017861485911843243,0.015549961066618559,0.07063584694628636,0.07834149237778121,605.0,513.0,0.007705645431494851,-92.0
OpenAI o1,2024-09-12,2024,https://mastodon.world,-0.004037898282828849,0.0509802219355906,0.048736462751614265,0.11377175324675325,33.0,35.0,0.06503529049513898,2.0
OpenAI o1,2024-09-12,2024,https://mstdn.jp,-0.052774361034443114,-0.06279153131116265,0.0,0.0,15.0,3.0,0.0,-12.0
OpenAI o1,2024-09-12,2024,https://mstdn.social,-0.05839938765808597,-0.05998759229585337,-0.0056250266236428596,0.0028039390153092787,271.0,245.0,0.008428965638952138,-26.0
OpenAI o1,2024-09-12,2024,https://pawoo.net,-0.059777175726211294,-0.05330134887455164,-0.0070028146917681805,0.009490182436611008,43.0,35.0,0.016492997128379188,-8.0
OpenAI o1,2024-09-12,2024,https://phpc.social,-0.052774361034443114,0.027089421069789746,0.0,0.0898809523809524,2.0,3.0,0.0898809523809524,1.0
OpenAI o1,2024-09-12,2024,https://ruby.social,,0.43720846868883734,,0.5,,1.0,,
OpenAI o1,2024-09-12,2024,https://sigmoid.social,0.025916115156033072,-0.01259956058347763,0.07869047619047619,0.05019197072768502,8.0,20.0,-0.028498505462791167,12.0
OpenAI o1,2024-09-12,2024,https://social.vivaldi.net,-0.038430787940870015,0.006709106939475601,0.014343573093573102,0.06950063825063825,26.0,24.0,0.055157065157065144,-2.0
OpenAI o1,2024-09-12,2024,https://techhub.social,0.009177126631330267,0.022162826085343507,0.06195148766577338,0.08495435739650616,63.0,55.0,0.023002869730732775,-8.0
OpenAI o1,2024-09-12,2024,https://universeodon.com,0.01113182747401812,-0.007055600575231906,0.06390618850846123,0.05573593073593074,11.0,11.0,-0.008170257772530491,0.0
Sora Announce,2024-02-15,2024,https://fosstodon.org,0.04511009899673387,0.008268062321508271,0.08440901360544217,0.04257079725829725,14.0,16.0,-0.04183821634714492,2.0
Sora Announce,2024-02-15,2024,https://hachyderm.io,0.01609881266401897,0.003375611022806986,0.05539772727272727,0.03767834595959597,8.0,12.0,-0.017719381313131305,4.0
Sora Announce,2024-02-15,2024,https://infosec.exchange,0.050839974280180576,0.05561435260529857,0.09013888888888888,0.08991708754208755,6.0,9.0,-0.00022180134680133134,3.0
Sora Announce,2024-02-15,2024,https://mas.to,0.24690478909499539,0.04876572871761217,0.2862037037037037,0.08306846365440115,12.0,32.0,-0.20313524004930253,20.0
Sora Announce,2024-02-15,2024,https://mastodon.cloud,,0.06569726506321101,,0.09999999999999999,,2.0,,
Sora Announce,2024-02-15,2024,https://mastodon.nz,,-0.0557313063653604,,-0.02142857142857142,,1.0,,
Sora Announce,2024-02-15,2024,https://mastodon.online,0.06243268712289344,0.10273583255632399,0.10173160173160174,0.13703856749311297,7.0,11.0,0.035306965761511225,4.0
Sora Announce,2024-02-15,2024,https://mastodon.scot,0.1466859338761402,-0.05346940160345566,0.1859848484848485,-0.019166666666666683,3.0,5.0,-0.2051515151515152,2.0
Sora Announce,2024-02-15,2024,https://mastodon.social,0.01566465143580266,0.03414146183783871,0.05496356604451096,0.0684441967746277,319.0,242.0,0.013480630730116731,-77.0
Sora Announce,2024-02-15,2024,https://mastodon.world,0.07890176364239013,-0.022379658013712056,0.11820067825109842,0.011923076923076925,85.0,13.0,-0.1062776013280215,-72.0
Sora Announce,2024-02-15,2024,https://mstdn.jp,0.03007741801389297,-0.003826544460598505,0.06937633262260127,0.030476190476190476,67.0,35.0,-0.0389001421464108,-32.0
Sora Announce,2024-02-15,2024,https://mstdn.social,-0.03748162678289775,-0.017740735519284977,0.001817287825810554,0.016561999417504004,286.0,218.0,0.01474471159169345,-68.0
Sora Announce,2024-02-15,2024,https://pawoo.net,-0.03449122230101599,-0.03164896509551914,0.004807692307692308,0.002653769841269841,208.0,168.0,-0.002153922466422467,-40.0
Sora Announce,2024-02-15,2024,https://ruby.social,,-0.04055273493678899,,-0.006250000000000004,,1.0,,
Sora Announce,2024-02-15,2024,https://sigmoid.social,-0.009062809518442325,-0.018010122936629812,0.030236105090265978,0.01629261200015917,103.0,106.0,-0.013943493090106809,3.0
Sora Announce,2024-02-15,2024,https://social.vivaldi.net,-0.042870343180136876,0.04904232278326874,-0.0035714285714285704,0.08334505772005772,4.0,6.0,0.0869164862914863,2.0
Sora Announce,2024-02-15,2024,https://techhub.social,0.05344579438600069,0.03112103400260495,0.09274470899470899,0.06542376893939393,9.0,8.0,-0.02732094005531506,-1.0
Sora Announce,2024-02-15,2024,https://universeodon.com,-0.0024163280901132594,-0.0085448635387709,0.036882586518595044,0.025757871398018082,44.0,49.0,-0.011124715120576962,5.0
